{
    "model": "Logistic Regression (PyTorch CUDA-Accelerated)",
    "gpu": "NVIDIA GeForce RTX 3060",
    "train_ratio": 0.6,
    "accuracy": 0.5389074087142944,
    "precision": [
        0.5348837209302325,
        0.5441977377461248,
        0.5080385852090032
    ],
    "recall": [
        0.41905257678292557,
        0.8023471278567017,
        0.18140068886337543
    ],
    "f1_score": [
        0.4699357851722125,
        0.6485272091862206,
        0.2673434856175973
    ],
    "training_time": 0.9116902351379395,
    "confusion_matrix": [
        [
            805,
            1071,
            45
        ],
        [
            379,
            2598,
            261
        ],
        [
            321,
            1105,
            316
        ]
    ]
}