{
    "model": "Logistic Regression (PyTorch CUDA-Accelerated)",
    "gpu": "NVIDIA GeForce RTX 3060",
    "train_ratio": 0.8,
    "accuracy": 0.5378151535987854,
    "precision": [
        0.530718954248366,
        0.5412156536219817,
        0.528169014084507
    ],
    "recall": [
        0.41985522233712513,
        0.8119925046845722,
        0.16987542468856173
    ],
    "f1_score": [
        0.46882217090069284,
        0.6495128653509867,
        0.2570694087403599
    ],
    "training_time": 1.0241844654083252,
    "confusion_matrix": [
        [
            406,
            538,
            23
        ],
        [
            190,
            1300,
            111
        ],
        [
            169,
            564,
            150
        ]
    ]
}