{
    "model": "SVM (PyTorch CUDA-Accelerated)",
    "gpu": "NVIDIA GeForce RTX 3060",
    "train_ratio": 0.7,
    "accuracy": 0.5141035318374634,
    "precision": [
        0.5068359375,
        0.5397620538509705,
        0.4363256784968685
    ],
    "recall": [
        0.35694635488308113,
        0.7109278350515464,
        0.32228218966846567
    ],
    "f1_score": [
        0.4188861985472155,
        0.613632318917957,
        0.3707317073170732
    ],
    "training_time": 1.6460437774658203,
    "confusion_matrix": [
        [
            519,
            833,
            102
        ],
        [
            263,
            1724,
            438
        ],
        [
            242,
            637,
            418
        ]
    ],
    "final_loss": 0.8643320798873901,
    "final_train_accuracy": 0.727287769317627
}