{
    "model": "Na\u00efve Bayes (PyTorch CUDA-Accelerated)",
    "gpu": "NVIDIA GeForce RTX 3060",
    "train_ratio": 0.6,
    "accuracy": 0.636574387550354,
    "precision": [
        0.5547667342799188,
        0.713657876943881,
        0.650761421319797
    ],
    "recall": [
        0.8542425819885476,
        0.6519456454601605,
        0.3679678530424799
    ],
    "f1_score": [
        0.6726788276286124,
        0.6814073595868303,
        0.47011367803447013
    ],
    "training_time": 0.0776827335357666,
    "confusion_matrix": [
        [
            1641,
            217,
            63
        ],
        [
            846,
            2111,
            281
        ],
        [
            471,
            630,
            641
        ]
    ],
    "class_priors": [
        0.27275362610816956,
        0.4707246422767639,
        0.25652173161506653
    ]
}