{
    "model": "Na\u00efve Bayes (PyTorch CUDA-Accelerated)",
    "gpu": "NVIDIA GeForce RTX 3060",
    "train_ratio": 0.8,
    "accuracy": 0.6325703263282776,
    "precision": [
        0.5548216644649934,
        0.7092541436464088,
        0.6462167689161554
    ],
    "recall": [
        0.8686659772492245,
        0.641474078700812,
        0.3578708946772367
    ],
    "f1_score": [
        0.6771463119709794,
        0.6736634962282716,
        0.4606413994169096
    ],
    "training_time": 0.09693646430969238,
    "confusion_matrix": [
        [
            840,
            102,
            25
        ],
        [
            426,
            1027,
            148
        ],
        [
            248,
            319,
            316
        ]
    ],
    "class_priors": [
        0.2736956477165222,
        0.4716666638851166,
        0.2546376883983612
    ]
}