{
    "model": "Na\u00efve Bayes (PyTorch CUDA-Accelerated)",
    "gpu": "NVIDIA GeForce RTX 3060",
    "train_ratio": 0.7,
    "accuracy": 0.6373647451400757,
    "precision": [
        0.5581810075791351,
        0.7122237257555255,
        0.6536312849162011
    ],
    "recall": [
        0.8610729023383769,
        0.6511340206185567,
        0.3608326908249807
    ],
    "f1_score": [
        0.6773059237219368,
        0.6803102111158984,
        0.4649776453055142
    ],
    "training_time": 0.0668342113494873,
    "confusion_matrix": [
        [
            1252,
            163,
            39
        ],
        [
            637,
            1579,
            209
        ],
        [
            354,
            475,
            468
        ]
    ],
    "class_priors": [
        0.27246376872062683,
        0.4708074629306793,
        0.25672876834869385
    ]
}