{
    "model": "SVM (PyTorch CUDA-Accelerated)",
    "gpu": "NVIDIA GeForce RTX 3060",
    "train_ratio": 0.6,
    "accuracy": 0.5087668299674988,
    "precision": [
        0.5086661642803316,
        0.5346534653465347,
        0.4264264264264264
    ],
    "recall": [
        0.35137948984903694,
        0.7004323656578134,
        0.32606199770378874
    ],
    "f1_score": [
        0.41564039408866993,
        0.6064171122994652,
        0.3695510735198438
    ],
    "training_time": 1.5845224857330322,
    "confusion_matrix": [
        [
            675,
            1112,
            134
        ],
        [
            340,
            2268,
            630
        ],
        [
            312,
            862,
            568
        ]
    ],
    "final_loss": 0.8632575273513794,
    "final_train_accuracy": 0.7279227375984192
}