{
    "model": "Logistic Regression (PyTorch CUDA-Accelerated)",
    "gpu": "NVIDIA GeForce RTX 3060",
    "train_ratio": 0.7,
    "accuracy": 0.5396058559417725,
    "precision": [
        0.5346975088967971,
        0.5433222958057395,
        0.5210280373831776
    ],
    "recall": [
        0.41334250343878953,
        0.811958762886598,
        0.17193523515805706
    ],
    "f1_score": [
        0.4662529092319628,
        0.6510166969747067,
        0.25855072463768114
    ],
    "training_time": 1.0210204124450684,
    "confusion_matrix": [
        [
            601,
            820,
            33
        ],
        [
            284,
            1969,
            172
        ],
        [
            239,
            835,
            223
        ]
    ]
}