{
    "model": "SVM (PyTorch CUDA-Accelerated)",
    "gpu": "NVIDIA GeForce RTX 3060",
    "train_ratio": 0.8,
    "accuracy": 0.5108664631843567,
    "precision": [
        0.5072046109510087,
        0.5344990548204159,
        0.43681747269890797
    ],
    "recall": [
        0.3640124095139607,
        0.7064334790755777,
        0.3171007927519819
    ],
    "f1_score": [
        0.42384105960264895,
        0.6085552865213882,
        0.36745406824146987
    ],
    "training_time": 1.5236527919769287,
    "confusion_matrix": [
        [
            352,
            551,
            64
        ],
        [
            173,
            1131,
            297
        ],
        [
            169,
            434,
            280
        ]
    ],
    "final_loss": 0.8618521690368652,
    "final_train_accuracy": 0.7295652031898499
}